pid,None,New,Recommended
R_101A2vHrehY8dgt,2,2,2
R_12RXG4y5Fug8JJf,2,2,2
R_1g5FPfqxXIByyJs,2,2,2
R_1qguwpvoc3i12oI,2,2,2
R_1scaI0s9ZCK2NsG,2,2,2
R_21KNAf5ZypKohKF,2,2,2
R_21hVaOcPpwwFgHm,2,2,2
R_24H62rG4y1h0KE5,2,2,2
R_278wLaUi4mRz1lh,2,2,2
R_28NB72SSbJ8emCg,2,2,2
R_2B7boqaDwuvwgYp,2,2,2
R_2BrxErqWirZfYlj,2,2,2
R_2DTJ4aDn0eXrEPt,2,2,2
R_2Gy1n5YE49noLu1,2,2,2
R_2HwUd3veqJE8vwR,2,2,2
R_2IE5MtxOUBLrNiY,2,2,2
R_2JhffJVVioUwgVS,2,2,2
R_2KHJwslAGaGsxkl,2,2,2
R_2KwthiaeXJhg2on,2,2,2
R_2LwKzkL2ofjjYjD,2,2,2
R_2MMXF0PXZWSNQn6,2,2,2
R_2NquYu2wSRktfPr,2,2,2
R_2ONxsIQDNyXAdwa,2,2,2
R_2PjLNOfkcpvo25Y,2,2,2
R_2WZnxHBrzfZPUzN,2,2,2
R_2YYzkZCQt2eGRfF,2,2,2
R_2YleLGgwoYemBUS,2,2,2
R_2Yz7toJdyWtiIxe,2,2,2
R_2dWILFxSE77IaKa,2,2,2
R_2jP2j3adyW2luQW,2,2,2
R_2k1BzAb7gmIVaNm,2,2,2
R_2laxtDZzMcA6g8g,2,2,2
R_2lpoCgLVyOu1lDP,2,2,2
R_2m7BSt56sdlCsnB,2,2,2
R_2mAYJUUfVCDwAaB,2,2,2
R_2p4Rgll9vjCCHsd,2,2,2
R_2r1wrOK2OhTO25k,2,2,2
R_2r67Thyx7fKvapk,2,2,2
R_2s6NZtcwVX4P9xi,2,2,2
R_2w6LjBbpkM00PCh,2,2,2
R_2y7Y2vhPSkPsOQZ,2,2,2
R_33WzGx8cjWpah3z,2,2,2
R_3G09tJyAcu2fwBP,2,2,2
R_3MaJxQQT43UtUou,2,2,2
R_3ZTyAqIIhcxR8Mm,2,2,2
R_4ezB3Lm1ETQoZNR,2,2,2
R_51HFaFzjlBVetEJ,2,2,2
R_58VDGhYejYQ1yHD,2,2,2
R_5CCGkJSiMA2HhsK,2,2,2
R_5K1ESPEqNmAkqf5,2,2,2
R_5UetAFQozjiTZo5,2,2,2
R_5Y9CAMc6uLS3iTf,2,2,2
R_5gNHIFx3l4t2QQP,2,2,2
R_5oNigogccpspt9n,2,2,2
R_5orBaIWl0JakTfP,2,2,2
R_5tFNjqHxUaMfsKR,2,2,2
R_68MwUZjPxAJDuHX,2,2,2
R_6DCpVcgL1zBYle9,2,2,2
R_6PRlgd9Y6NuV8nu,2,2,2
R_6n24a7DgM1L53w6,2,2,2
R_6rZTvwn2fA2wMbf,2,2,2
R_74tMiYYX9toXumQ,2,2,2
R_77bmQZSJJv48vSx,2,2,2
R_7QKK3uXg2yFR02o,2,2,2
R_7R1Zha8uwecr3JC,2,2,2
R_7RPZV5loeNhIRI5,2,2,2
R_7USWz06U79t88Kt,2,2,2
R_7b2XHy5ayfQPjFx,2,2,2
R_7qHwCJY0U49Wq63,2,2,2
R_7yebSbLaZ4Idktz,2,2,2
R_8012EMfvx1OP383,2,2,2
R_806EMwiuv9dquD7,2,2,2
R_80GzZc9rqI3H1xw,2,2,2
R_80dkfX0Q9v4XFeO,2,2,2
R_82gwZyqB3vdBdu6,2,2,2
R_844O0nLixDKwRDb,2,2,2
R_86bSiv1XRWtueVH,2,2,2
R_86wgmUovCbSeZBn,2,2,2
R_870PFGGtTEOaaQK,2,2,2
R_87CpChAubnq2qnA,2,2,2
R_8A0VLgfhoOPE0KZ,2,2,2
R_8B3UNNJlQ5eMbSP,2,2,2
R_8BQoQ5gMrSA06ps,2,2,2
R_8Cr8pUS3ah1pR1v,2,2,2
R_8IYNHaTq5XIxoE7,2,2,2
R_8Kg3LDOrL8lVjAx,2,2,2
R_8MRuXPAO2G467bS,2,2,2
R_8OIedBND5PSNTqS,2,2,2
R_8OZoO64C0VW8Fmo,2,2,2
R_8Py1FkRUTETunJf,2,2,2
R_8Qbk9B74UvIDOlb,2,2,2
R_8VdgkJiGNz5EGch,2,2,2
R_8VqqrsnsFE5y8wN,2,2,2
R_8WZGQX664pXfKeR,2,2,2
R_8Yvz8093KSWGcV3,2,2,2
R_8ahmzIsEubL4Usb,2,2,2
R_8d9PNjs2jUStzEt,2,2,2
R_8dFx8EQPTUVAj3P,2,2,2
R_8eDx8cebtElETcA,2,2,2
R_8f25Q9knSfKmRpL,2,2,2
R_8fuH7xYfB5GIY5b,2,2,2
R_8hjXqdtbW7DS1Ut,2,2,2
R_8iiCsp353aW8lbP,2,2,2
R_8ikg32xGHwENvcU,2,2,2
R_8iyDMiusUxCyoVs,2,2,2
R_8kCmebsF6aNeZUq,2,2,2
R_8kXFBTCYXougS2t,2,2,2
R_8lovuoVHGFZB3Nv,2,2,2
R_8ooksCv74XifC4V,2,2,2
R_8otp5F7ihnLbQ3f,2,2,2
R_8pG6R3OPDPSOSQ7,2,2,2
R_8qHCgYh0O1FgsDQ,2,2,2
R_8qVGOpSTziWB7Uk,2,2,2
R_8rpYJpb7VIBHtbU,2,2,2
R_8sTG84BunKQ41Gx,2,2,2
R_8wNqiXQ6IfAiKu0,2,2,2
R_8wi01coC8zW94Hv,2,2,2
R_8z08KxcNTGLWk8N,2,2,2
R_8zHF2bK5Ql2wFbn,2,2,2
R_8zUCCakhURHatO0,2,2,2
